ingested_at,file_sha,file,ea,symbol,tf,period_from,period_to,offset,deposit,leverage,quality,AvoidNews,AccountSize,RiskPct,TrailStopR,MinRangeMedMult,PdhlMinRangeMedMult,MaxSpreadToStopPct,net,gross_profit,gross_loss,trades,wins,losses,avg_win,avg_loss,max_win,net_ex_top1,reconciled,status
2026-10-09T14:57:17Z,6bd35389d8611967,96f46f50-ger03.html,Aurvex_v314_test_utc,GER40.cash,H1,2026.09.01,2026.10.02,3,25000.0,100.0,100% gerçek tik,false,25000.0,0.46,0.3,0.0,0.0,12.5,-247.2,452.08,-699.28,14,8,6,56.51,-116.55,157.48,-404.68,True,comparable
2026-10-09T14:57:17Z,4aef05f4146beb9c,712c23e4-GER40.html,Aurvex_v314_test_utc,GER40.cash,H1,2026.09.01,2026.10.02,3,25000.0,100.0,100% gerçek tik,false,25000.0,0.46,0.5,0.0,0.0,12.5,-303.81,395.47,-699.28,14,8,6,49.43,-116.55,133.57,-437.38,True,comparable
2026-10-09T14:57:17Z,66e12360dc618f80,b321ae84-ger075.html,Aurvex_v314_test_utc,GER40.cash,H1,2026.09.01,2026.10.02,3,25000.0,100.0,100% gerçek tik,false,25000.0,0.46,0.75,0.0,0.0,12.5,-220.2,479.08,-699.28,14,8,6,59.88,-116.55,137.75,-357.95,True,comparable
2026-10-09T14:57:17Z,b69697a0c009cec8,8893dd40-jp03.html,Aurvex_v314_test_utc,JP225.cash,H1,2026.09.01,2026.10.02,3,25000.0,100.0,100% gerçek tik,false,25000.0,0.59,0.3,0.0,1.0,12.5,-248.5,220.27,-468.77,8,5,3,44.05,-156.26,105.58,-354.08,True,comparable
2026-10-09T14:57:17Z,c898e1e63e4bf9a8,ed1f9413-JP225.html,Aurvex_v314_test_utc,JP225.cash,H1,2026.09.01,2026.10.02,3,25000.0,100.0,100% gerçek tik,false,25000.0,0.59,0.5,0.0,1.0,12.5,-227.66,241.11,-468.77,8,5,3,48.22,-156.26,109.34,-337.0,True,comparable
2026-10-09T14:57:17Z,e6f7ba0153a451ac,abee0ba2-jp075.html,Aurvex_v314_test_utc,JP225.cash,H1,2026.09.01,2026.10.02,3,25000.0,100.0,100% gerçek tik,false,25000.0,0.59,0.75,0.0,1.0,12.5,-89.73,534.68,-624.41,8,4,4,133.67,-156.1,339.38,-429.11,True,comparable
2026-10-09T14:57:17Z,be98754b4122b806,0454e085-XAUGUSD.html,Aurvex_v314_test_utc,XAGUSD,H1,2026.09.01,2026.10.02,3,25000.0,100.0,100% gerçek tik,false,25000.0,0.46,0.0,0.0,0.0,12.5,202.27,202.31,-0.04,1,1,0,202.27,0.0,202.27,0.0,True,standalone
2026-10-09T14:57:17Z,d610bf9f072ce449,b7ffd390-ReportTester-541438670.html,Aurvex_v314_test_utc,XAUUSD,H1,2026.09.01,2026.10.02,3,25000.0,100.0,100% gerçek tik,false,25000,0.46,0,1,0.0,12.5,291.14,737.94,-446.8,9,4,5,184.36,-89.26,296.48,-5.34,True,standalone
2026-10-09T14:57:17Z,7f130160f58bb1d4,65a2ccf2-Trade_report-541438670_2026-09-28_13-13.html,,,,,,,,,,,,,,,,,0.0,,,0,0,0,0.0,0.0,0.0,0.0,False,rejected:missing symbol;missing period_from;missing period_to;missing ea;missing TesterServerUtcOffsetHours;missing AvoidNews;missing modelling-quality (Tarihin Kalite);missing/corrupt summary field 'Başlangıç Mevduatı' — monetary values cannot be verified (not published);missing/corrupt summary field 'Kaldıraç' — monetary values cannot be verified (not published);missing/corrupt summary field 'Toplam Net Kar' — monetary values cannot be verified (not published);missing/corrupt summary field 'Toplam İşlem' — monetary values cannot be verified (not published);no parseable deals and no summary trade count (not published as a 0 result)
